<properties>
    <name value="Wikipedia" />
    <description value="A free-access, free-content Internet encyclopedia." />
    <login_url value="https://en.wikipedia.org/w/index.php?title=Special:UserLogin&amp;action=submitlogin&amp;type=login&amp;returnto=Main+Page&amp;returntoquery=gettingStartedReturn%3Dtrue" />
    <valid_password value="title=&quot;Log out&quot;&gt;Log out&lt;/a&gt;&lt;/li&gt;" />
    <valid_response_header value="centralauth_Session=[a-f0-9]{32}" type="regex" />
    <invalid_password value="Incorrect password entered." />
    <invalid_account value="There is no user by the name " />
    <custom_search value="This request has been blocked by Wikipedia (IP might be blocked)." regex="has\sbeen\sblocked\sby" />
    <username_or_email value="username" />
    <login_parameter value="wpName" />
    <password_parameter value="wpPassword" />
    <multiple_params value="https://en.wikipedia.org/w/index.php?title=Special:UserLogin&amp;returnto=Main+Page">
        <param value="wpLoginToken" />
    </multiple_params>
    <data value="wpName=&amp;wpPassword=&amp;wpLoginAttempt=Log+in&amp;wpEditToken=%2B%5C&amp;title=Special%3AUserLogin&amp;authAction=login&amp;force=&amp;wpLoginToken=&amp;wpForceHttps=1&amp;wpFromhttp=" />
</properties>